Anniversaries and festival days,Art & Culture
Educational subjects,Art & Culture
Facial Expressions,Art & Culture
Famous buildings,Art & Culture
Famous monuments (not habitable),Art & Culture
Female names,Art & Culture
Male names,Art & Culture
Spoken languages,Art & Culture
Village trades,Art & Culture
Wedding paraphanalia,Art & Culture
Currencies,Commerce
Fast food chains,Commerce
High street shop chains,Commerce
Supermarkets,Commerce
Telephony and internet providers,Commerce
Computer hardware / components,Computers
Operating systems (not distributions),Computers
Programming and scripting languages,Computers
Artist materials,Consumer Goods
Beach gear,Consumer Goods
Building materials,Consumer Goods
Camping equipment,Consumer Goods
Car makes (not models),Consumer Goods
Car parts and accessories,Consumer Goods
Cooking utensils,Consumer Goods
DIY tools,Consumer Goods
Garden tools,Consumer Goods
Grooming products,Consumer Goods
Kitchen appliances,Consumer Goods
Types of accommodation,Consumer Goods
Types of room,Consumer Goods
Types of vehicle,Consumer Goods
Types of water craft,Consumer Goods
Types of wood,Consumer Goods
Action movies,Entertainment
Alien movies,Entertainment
Cartoons,Entertainment
Detective TV Programmes,Entertainment
Fairy tales,Entertainment
Fictional detectives,Entertainment
Historical dramas,Entertainment
Horror characters,Entertainment
Horror movies,Entertainment
James Bond titles,Entertainment
Magazines,Entertainment
Natural disaster movies,Entertainment
Newspapers,Entertainment
Nursery rhymes,Entertainment
Romantic movies,Entertainment
Science fiction movies,Entertainment
Sitcoms,Entertainment
Soap Operas,Entertainment
Actoresses,Famous People
Actors (not actresses),Famous People
Artists,Famous People
Authors,Famous People
British Politicians,Famous People
Comedians,Famous People
Poets,Famous People
Scientists and inventors,Famous People
Solo singers,Famous People
Sports personalities,Famous People
Supermodels,Famous People
TV presenters,Famous People
Designer labels,Fashion
Footwear,Fashion
Types of clothing,Fashion
Types of fabric,Fashion
Blackadder characters,Film / TV characters
Disney characters,Film / TV characters
Harry Potter characters,Film / TV characters
James Bond characters,Film / TV characters
Shrek characters,Film / TV characters
Simpsons characters,Film / TV characters
Toy Story characters,Film / TV characters
Alcoholic drinks,Food & Drink
Breads,Food & Drink
Cheeses,Food & Drink
Chocolate bars,Food & Drink
Cocktails,Food & Drink
Crisp flavours,Food & Drink
Cuts of meat,Food & Drink
Desserts,Food & Drink
Fishes,Food & Drink
Fruit,Food & Drink
Herbs and spices,Food & Drink
Ice cream flavours,Food & Drink
Non-alcoholic drinks,Food & Drink
Packet snacks,Food & Drink
Sandwich spreads,Food & Drink
Sweets (not chocolate),Food & Drink
Vegetables,Food & Drink
American states,Geography
Capital cities,Geography
English counties,Geography
European countries,Geography
Islands,Geography
Lakes,Geography
Mountain ranges,Geography
Mountains,Geography
Physical geography,Geography
Rivers,Geography
Road signs,Geography
Seas and oceans,Geography
UK cities,Geography
Weather terms,Geography
Biblical characters,History & Religion
Civilisations,History & Religion
Greek mythology characters,History & Religion
Historical battles,History & Religion
Places of religious worship,History & Religion
Religions,History & Religion
Weapons,History & Religion
Composers,Music
Musical instruments,Music
Musicals,Music
Operas or operettas,Music
Pop bands (not soloists),Music
British wild animals,Nature
British wild flowers,Nature
Butterflies,Nature
Dinosaurs,Nature
Dog breeds,Nature
Domesticated animals,Nature
Garden birds,Nature
Land mammals,Nature
Pets,Nature
Reptiles and amphibians,Nature
Sea animals (not fish),Nature
Trees,Nature
Types of insect,Nature
Wild cats,Nature
Constellations,Science
Elements of the Periodic Table,Science
Gases,Science
Gemstones,Science
Geometric shapes,Science
Metals,Science
Objects in space,Science
Optical devices,Science
Parts of the body (not bones),Science
Recording media,Science
Rocks,Science
Single word colours,Science
Sources of power,Science
Amusement parks,Sports & Games
Athletic sports (not Games),Sports & Games
Card games,Sports & Games
Sporting games (not Board or Card Games),Sports & Games
Types of amusement park attractions,Sports & Games
Board games,Toys & Games
Game consoles,Toys & Games
Toys,Toys & Games
Call of Duty levels,Video Games
Significant protagonists in video games,Video Games
Sonic the Hedgehog levels,Video Games
Video game developers / publishers,Video Games
Video games (no sequals),Video Games
